<?xml version="1.0" encoding="UTF-8" standalone="yes"?>
<addon id="script.module.readme.changelog" name="ReadMe ChangeLog" version="1.0.0" provider-name="BYB">
	<requires>
		<import addon="xbmc.python" version="3.0.0"/>
		<import addon="script.module.pil"/>
		<import addon="script.module.requests"/>
	</requires>
	<extension point="xbmc.python.script" library="addon.py"/>
	<extension point="xbmc.service" library="service.py" />
	<extension point="kodi.context.item">
		<menu id="kodi.core.main">
			<item library="context.py" args="readme">
				<label>$ADDON[script.module.readme.changelog 30000]</label>
				<visible>String.Contains(Window(10000).Property(READMELIST),ListItem.Property(Addon.ID))</visible>
			</item>
			<item library="context.py" args="changelog">
				<label>$ADDON[script.module.readme.changelog 30001]</label>
				<visible>String.Contains(Window(10000).Property(CHANGELOGLIST),ListItem.Property(Addon.ID))</visible>
			</item>
		</menu>
	</extension>
	<extension point="xbmc.addon.metadata">
		<summary lang="en">Script adding items to context menu if addon has readme or changelog can be used as stand alone to call</summary>
		<description lang="en">Adds additional items to context menu for addons if addon has a readme.md file or a changelog.txt and makes visible with gui,\n
		Can call a readme.md file or a changelog.txt file via built in methods
		For more information see readme files of addon for examples and instruction</description>
		<platform>all</platform>
		<language>en</language>
		<license>Apache License</license>
		<forum></forum>
		<website>https://github.com/bigyidbuilds/script.module.readme.changelog/blob/main/README.md</website> 
		<email></email>
		<source>https://github.com/bigyidbuilds/script.module.readme.changelog</source>
		<news>v0.0.1
		</news>
		<assets>
			<icon>resources/icon.png</icon>
			<fanart></fanart>
			<banner></banner>
			<clearlogo></clearlogo>
			<screenshot></screenshot>
		</assets>
	</extension>
</addon>