<?xml version="1.0" encoding="UTF-8" standalone="yes"?>
<addon id="plugin.video.flixgui.example.gui" name="FlixGui Example with custom gui" version="0.0.1" provider-name="BYB">
	<requires>
		<import addon="xbmc.python" version="3.0.0"/>
		<import addon="script.module.requests"/>
		<import addon="script.gui.flixgui"/>
		<import addon="plugin.video.youtube" version="6.0.0"/>
	</requires>
	<extension point="xbmc.python.pluginsource" library="addon.py">
		<provides>video</provides>
	</extension>
	<extension point="xbmc.addon.metadata">
		<summary lang="en_GB">Example of FlixGui</summary>
		<description lang="en_GB"></description>
		<disclaimer lang="en_GB"></disclaimer>
		<language>en</language>
		<platform>all</platform>
		<license>GPL-2.0-or-later</license>
		<forum></forum>
		<website></website> 
		<email></email>
		<source></source>
		<news>
			[new] New  version
		</news>
		<assets>
			<icon>resources/icon.png</icon>
			<fanart>resources/fanart.jpg</fanart>
			<banner></banner>
			<clearlogo>resources/clearlogo.png</clearlogo>
			<screenshot></screenshot>
		</assets>
	</extension>
</addon>