<?xml version="1.0" encoding="UTF-8" standalone="yes"?>
<addon id="repository.thfc-zone" name="THFC-Zone Repository" version="1.0.0" provider-name="BYB">
	<extension point="xbmc.addon.repository" name="THFC-Zone Repository">
		<info compressed="false">https://raw.githubusercontent.com/bigyidbuilds/xbmc/main/packages/addons.xml</info>
		<checksum>https://raw.githubusercontent.com/bigyidbuilds/xbmc/main/packages/addons.xml.md5</checksum>
		<datadir zip="true">https://raw.githubusercontent.com/bigyidbuilds/xbmc/main/packages/</datadir>
	</extension>
	<extension point="xbmc.addon.metadata">
		<summary>Repository for THFC-Zone Addon</summary>
		<description></description>
		<disclaimer></disclaimer>
		<platform>all</platform>
	</extension>
</addon>