<?xml version="1.0" encoding="utf-8"?>
<window>
	<defaultcontrol always="false">1000</defaultcontrol>
	<menucontrol>0</menucontrol>
	<backgroundcolor>0</backgroundcolor>
	<animation effect="fade" time="200">WindowOpen</animation>
	<animation effect="fade" time="200">WindowClose</animation>
	<coordinates>
		<left>0</left>
		<top>0</top>
	</coordinates>
	<controls>
		<control type="image">
			<texture border="5">black_background.png</texture>
			<height>100%</height>
			<width>100%</width>
		</control>
		<control type="group">
			<left>10</left>
			<top>10</top>
			<width>200</width>
			<height>650</height>
			<control type="image">
				<visible>Control.HasFocus(1000)</visible>
				<texture border="5" colordiffuse="black">button.png</texture>
				<bordertexture border="5"  colordiffuse="grey">button.png</bordertexture>
				<bordersize>2</bordersize>
			</control>
			<control type="list" id="1000">
				<description>cat list</description>
				<onright>2000</onright>
				<ondown>4000</ondown>
				<itemlayout width="200" height="50">
					<control type="image">
						<left>5</left>
						<top>5</top>
						<width>190</width>
						<height>40</height>
						<texture border="5">button.png</texture>
					</control>
					<control type="label">
						<left>10</left>
						<top>5</top>
						<width>180</width>
						<height>30</height>
						<align>center</align>
						<aligny>center</aligny>
						<label>$INFO[ListItem.Label]</label>
						<font>font13</font>
						<textcolor>black</textcolor>
					</control>
				</itemlayout>
				<focusedlayout width="200" height="50">
					<control type="image">
						<left>5</left>
						<top>5</top>
						<width>190</width>
						<height>40</height>
						<texture border="5" colordiffuse="orange">button.png</texture>
					</control>
					<control type="label">
						<left>10</left>
						<top>5</top>
						<width>180</width>
						<height>30</height>
						<align>center</align>
						<aligny>center</aligny>
						<label>$INFO[ListItem.Label]</label>
						<font>font13</font>
						<textcolor>black</textcolor>
						<scroll>true</scroll>
					</control>
				</focusedlayout>
			</control>
		</control>
		<control type="group">
			<left>210</left>
			<top>10</top>
			<width>300</width>
			<height>650</height>
			<control type="image">
				<visible>Control.HasFocus(2000)</visible>
				<texture border="5" colordiffuse="black">button.png</texture>
				<bordertexture border="5"  colordiffuse="grey">button.png</bordertexture>
				<bordersize>2</bordersize>
			</control>
			<control type="list" id="2000">
				<description>group list</description>
				<onleft>1000</onleft>
				<onright>3000</onright>
				<ondown>4000</ondown>
				<itemlayout width="300" height="50">
					<control type="image">
						<left>5</left>
						<top>5</top>
						<width>290</width>
						<height>40</height>
						<texture border="5">button.png</texture>
					</control>
					<control type="label">
						<left>10</left>
						<top>5</top>
						<width>280</width>
						<height>30</height>
						<align>center</align>
						<aligny>center</aligny>
						<label>$INFO[ListItem.Label]</label>
						<font>font13</font>
						<textcolor>black</textcolor>
					</control>
				</itemlayout>
				<focusedlayout width="300" height="50">
					<control type="image">
						<left>5</left>
						<top>5</top>
						<width>290</width>
						<height>40</height>
						<texture border="5" colordiffuse="orange">button.png</texture>
					</control>
					<control type="label">
						<left>10</left>
						<top>5</top>
						<width>280</width>
						<height>30</height>
						<align>center</align>
						<aligny>center</aligny>
						<label>$INFO[ListItem.Label]</label>
						<font>font13</font>
						<textcolor>black</textcolor>
						<scroll>true</scroll>
					</control>
				</focusedlayout>
			</control>
		</control>
		<control type="group">
			<left>515</left>
			<top>10</top>
			<width>760</width>
			<height>650</height>
			<control type="image">
				<visible>Control.HasFocus(3000)</visible>
				<texture border="5" colordiffuse="black">button.png</texture>
				<bordertexture border="5"  colordiffuse="grey">button.png</bordertexture>
				<bordersize>2</bordersize>
			</control>
			<control type="image">
				<height>45</height>
				<texture border="5" colordiffuse="grey">button.png</texture>
			</control>
			<control type="label">
				<left>410</left>
				<top>5</top>
				<width>175</width>
				<height>40</height>
				<align>center</align>
				<aligny>center</aligny>
				<font>font13</font>
				<textcolor>black</textcolor>
				<label>Addon</label>
			</control>
			<control type="label">
				<left>590</left>
				<top>5</top>
				<width>175</width>
				<height>40</height>
				<align>center</align>
				<aligny>center</aligny>
				<font>font13</font>
				<textcolor>black</textcolor>
				<label>$ADDON[plugin.program.addonadministrator 30002]</label>
			</control>
			<control type="list" id="3000">
				<visible>Integer.IsGreaterOrEqual(Container(2000).NumItems,1)</visible>
				<top>45</top>
				<height>485</height>
				<onleft>2000</onleft>
				<ondown>4000</ondown>
				<itemlayout width="760" height="50">
					<control type="image">
						<left>5</left>
						<top>5</top>
						<width>750</width>
						<height>40</height>
						<texture border="5">button.png</texture>
					</control>
					<control type="image">
						<visible>String.IsEqual(ListItem.property(selected),true)</visible>
						<left>5</left>
						<top>5</top>
						<width>30</width>
						<height>30</height>
						<texture border="5">checkbox_tick.png</texture>
					</control>
					<control type="label">
						<left>30</left>
						<top>5</top>
						<width>360</width>
						<height>30</height>
						<align>left</align>
						<aligny>center</aligny>
						<label>$INFO[ListItem.Label]</label>
						<font>font13</font>
						<textcolor>black</textcolor>
					</control>
					<control type="label">
						<left>400</left>
						<top>5</top>
						<width>175</width>
						<height>30</height>
						<align>center</align>
						<aligny>center</aligny>
						<label>$INFO[ListItem.property(settinglabel)]</label>
						<font>font13</font>
						<textcolor>black</textcolor>
					</control>
					<control type="label">
						<left>590</left>
						<top>5</top>
						<width>175</width>
						<height>30</height>
						<align>center</align>
						<aligny>center</aligny>
						<label>$INFO[ListItem.property(backuplabel)]</label>
						<font>font13</font>
						<textcolor>black</textcolor>
					</control>
				</itemlayout>
				<focusedlayout width="760" height="50">
					<control type="image">
						<left>5</left>
						<top>5</top>
						<width>750</width>
						<height>40</height>
						<texture border="5" colordiffuse="orange">button.png</texture>
					</control>
					<control type="image">
						<visible>String.IsEqual(ListItem.property(selected),true)</visible>
						<left>5</left>
						<top>5</top>
						<width>30</width>
						<height>30</height>
						<texture border="5">checkbox_tick.png</texture>
					</control>
					<control type="label">
						<left>30</left>
						<top>5</top>
						<width>360</width>
						<height>30</height>
						<align>left</align>
						<aligny>center</aligny>
						<label>$INFO[ListItem.Label]</label>
						<font>font13</font>
						<textcolor>black</textcolor>
						<scroll>true</scroll>
					</control>
					<control type="label">
						<left>400</left>
						<top>5</top>
						<width>175</width>
						<height>30</height>
						<align>center</align>
						<aligny>center</aligny>
						<label>$INFO[ListItem.property(settinglabel)]</label>
						<font>font13</font>
						<textcolor>black</textcolor>
						<scroll>true</scroll>
					</control>
					<control type="label">
						<left>590</left>
						<top>5</top>
						<width>175</width>
						<height>30</height>
						<align>center</align>
						<aligny>center</aligny>
						<label>$INFO[ListItem.property(backuplabel)]</label>
						<font>font13</font>
						<textcolor>black</textcolor>
						<scroll>true</scroll>
					</control>
				</focusedlayout>
			</control>
			<control type="group">
				<top>530</top>
				<left>5</left>
				<visible>Control.HasFocus(3000)</visible>
				<control type="label">
					<height>40</height>
					<aligny>center</aligny>
					<label>$INFO[Container(3000).ListItem(Container(3000).Position).property(settinginfo)]</label>
					<font>font13</font>
					<textcolor>white</textcolor>
					<scroll>true</scroll>
				</control>
				<control type="label">
					<top>40</top>
					<height>40</height>
					<aligny>center</aligny>
					<visible>String.IsEqual(Container(3000).ListItem(Container(3000).Position).property(moreinfo),true)</visible>
					<label>$INFO[Container(3000).ListItem(Container(3000).Position).property(addoninfo)]</label>
					<font>font13</font>
					<textcolor>white</textcolor>
					<scroll>true</scroll>
				</control>
				<control type="label">
					<top>80</top>
					<height>40</height>
					<aligny>center</aligny>
					<visible>String.IsEqual(Container(3000).ListItem(Container(3000).Position).property(moreinfo),true)</visible>
					<label>$INFO[Container(3000).ListItem(Container(3000).Position).property(backupinfo)]</label>
					<font>font13</font>
					<textcolor>white</textcolor>
					<scroll>true</scroll>
				</control>
			</control>
		</control>
		<control type="grouplist" id="4000">
			<left>10</left>
			<top>670</top>
			<width>1270</width>
			<height>40</height>
			<itemgap>10</itemgap>
			<orientation>horizontal</orientation>
			<align>center</align>
			<onup condition="String.IsEqual(Window().Property(lastfocus),1000)">1000</onup>
			<onup condition="String.IsEqual(Window().Property(lastfocus),2000)">2000</onup>
			<onup condition="String.IsEqual(Window().Property(lastfocus),3000)">3000</onup>
			<control type="button" id="4001">
				<description>reset Button</description>
				<animation effect="zoom" center="auto" end="101">Focus</animation>
				<width>200</width>
				<height>40</height>
				<texturefocus border="5" colordiffuse="orange">button.png</texturefocus>
				<texturenofocus border="5">button.png</texturenofocus>
				<visible>system.getbool(input.enablemouse)</visible>
				<label>$ADDON[plugin.program.addonadministrator 30060]</label>
				<font>font13</font>
				<textcolor>black</textcolor>
				<focusedcolor>black</focusedcolor>
				<align>center</align>
				<aligny>center</aligny>
			</control>
			<control type="button" id="4002">
				<description>apply Button</description>
				<animation effect="zoom" center="auto" end="101">Focus</animation>
				<width>200</width>
				<height>40</height>
				<texturefocus border="5" colordiffuse="orange">button.png</texturefocus>
				<texturenofocus border="5">button.png</texturenofocus>
				<visible>system.getbool(input.enablemouse)</visible>
				<label>$ADDON[plugin.program.addonadministrator 30061]</label>
				<font>font13</font>
				<textcolor>black</textcolor>
				<focusedcolor>black</focusedcolor>
				<align>center</align>
				<aligny>center</aligny>
			</control>
			<control type="button" id="4003">
				<description>Close Button</description>
				<animation effect="zoom" center="auto" end="101">Focus</animation>
				<width>200</width>
				<height>40</height>
				<texturefocus border="5" colordiffuse="orange">button.png</texturefocus>
				<texturenofocus border="5">button.png</texturenofocus>
				<visible>system.getbool(input.enablemouse)</visible>
				<label>$ADDON[plugin.program.addonadministrator 30062]</label>
				<font>font13</font>
				<textcolor>black</textcolor>
				<focusedcolor>black</focusedcolor>
				<align>center</align>
				<aligny>center</aligny>
			</control>
		</control>
	</controls>
</window>