<?xml version="1.0" encoding="utf-8"?>
<window>
	<defaultcontrol always="false">1000</defaultcontrol>
	<menucontrol>0</menucontrol>
	<backgroundcolor>0</backgroundcolor>
	<animation effect="fade" time="200">WindowOpen</animation>
	<animation effect="fade" time="200">WindowClose</animation>
	<coordinates>
		<left>170</left>
		<top>135</top>
	</coordinates>
	<controls>
		<control type="group">
			<width>900</width>
			<height>50</height>
			<control type='image'>
				<texture border='5'>white_background.png</texture>
			</control>
			<control type="label" id="1001">
				<description>header</description>
				<left>5</left>
				<width min="30" max="890">auto</width>
				<align>center</align>
				<aligny>center</aligny>
				<font>font13</font>
				<textcolor>black</textcolor>
				<shadowcolor>orange</shadowcolor>
			</control>
		</control>
		<control type="group">
			<top>50</top>
			<width>900</width>
			<height>450</height>
			<control type='image'>
				<texture border='5'>black_background.png</texture>
				<bordertexture border="5">white_background.png</bordertexture>
				<bordersize>1</bordersize>
			</control>
			<control type="grouplist">
				<left>5</left>
				<width>890</width>
				<height>50</height>
				<itemgap>10</itemgap>
				<orientation>horizontal</orientation>
				<align>left</align>
				<control type="label" id="3001">
					<left>5</left>
					<width min="30" max="840">auto</width>
					<align>left</align>
					<aligny>center</aligny>
					<font>font13</font>
					<textcolor>white</textcolor>
				</control>
				<control type="image" id="3002">
					<left>5</left>
					<top>5</top>
					<height>40</height>
					<width>40</width>
					<texture>checkbox_tick.png</texture>
				</control>
				<control type="image" id="3003">
					<left>5</left>
					<top>5</top>
					<height>40</height>
					<width>40</width>
					<texture>checkbox_x.png</texture>
				</control>
			</control>
			<control type="label" id="3007">
				<left>5</left>
				<top>50</top>
				<height>50</height>
				<width>890</width>
				<align>left</align>
				<aligny>center</aligny>
				<font>font13</font>
				<textcolor>white</textcolor>
			</control>
			<control type="grouplist">
				<left>5</left>
				<top>100</top>
				<width>890</width>
				<height>50</height>
				<itemgap>10</itemgap>
				<orientation>horizontal</orientation>
				<align>left</align>
				<control type="label" id="3004">
					<left>5</left>
					<width min="30" max="840">auto</width>
					<align>left</align>
					<aligny>center</aligny>
					<font>font13</font>
					<textcolor>white</textcolor>
					<label>$ADDON[plugin.program.addonadministrator 30037]</label>
				</control>
				<control type="image" id="3005">
					<left>5</left>
					<top>5</top>
					<height>40</height>
					<width>40</width>
					<texture>checkbox_tick.png</texture>
				</control>
				<control type="image" id="3006">
					<left>5</left>
					<top>5</top>
					<height>40</height>
					<width>40</width>
					<texture>checkbox_x.png</texture>
				</control>
			</control>
			<control type="group">
				<left>5</left>
				<top>150</top>
				<width>890</width>
				<control type="label" id="3008">
					<height>50</height>
					<align>left</align>
					<aligny>center</aligny>
					<font>font13</font>
					<textcolor>white</textcolor>
					<label>$ADDON[plugin.program.addonadministrator 30040]</label>
				</control>
				<control type="textbox" id="3009">
					<left>10</left>
					<top>50</top>
					<width>870</width>
					<height min="50" max="195">auto</height>
					<font>font13</font>
					<textcolor>white</textcolor>
					<autoscroll delay="3000" time="1000" repeat="10000">true</autoscroll>
				</control>
			</control>
		</control>
		<control type='button' id='1000'>
			<description>Close Button</description>
			<animation effect="zoom" center="auto" end="110">Focus</animation>
			<width>40</width>
			<height>40</height>
			<top>5</top>
			<left>855</left>
			<texturefocus colordiffuse="orange">close.png</texturefocus>
			<texturenofocus colordiffuse="black">close.png</texturenofocus>
			<visible>system.getbool(input.enablemouse)</visible>
			<ondown>2000</ondown>
		</control>
		<control type="grouplist" id="2000">
			<defaultcontrol>2001</defaultcontrol>
			<left>5</left>
			<top>450</top>
			<width>890</width>
			<height>50</height>
			<itemgap>10</itemgap>
			<pagecontrol/>
			<scrolltime tween="sine" easing="out">200</scrolltime>
			<orientation>horizontal</orientation>
			<usecontrolcoords>false</usecontrolcoords>
			<visible>true</visible>
			<onup>1000</onup>
			<align>center</align>
			<control type="button" id="2001">
				<description>Continue Button</description>
				<animation effect="zoom" center="auto" end="101">Focus</animation>
				<width>200</width>
				<height>40</height>
				<texturefocus border="5" colordiffuse="orange">button.png</texturefocus>
				<texturenofocus border="5">button.png</texturenofocus>
				<visible>system.getbool(input.enablemouse)</visible>
				<label>$ADDON[plugin.program.addonadministrator 30034]</label>
				<font>font13</font>
				<textcolor>black</textcolor>
				<focusedcolor>black</focusedcolor>
				<align>center</align>
				<aligny>center</aligny>
			</control>
			<control type="button" id="2002">
				<description>Cancel Button</description>
				<animation effect="zoom" center="auto" end="101">Focus</animation>
				<width>200</width>
				<height>40</height>
				<texturefocus border="5" colordiffuse="orange">button.png</texturefocus>
				<texturenofocus border="5">button.png</texturenofocus>
				<visible>system.getbool(input.enablemouse)</visible>
				<label>$ADDON[plugin.program.addonadministrator 30035]</label>
				<font>font13</font>
				<textcolor>black</textcolor>
				<focusedcolor>black</focusedcolor>
				<align>center</align>
				<aligny>center</aligny>
			</control>
<!-- 			<control type="button" id="2003">
				<description>more info Button</description>
				<animation effect="zoom" center="auto" end="101">Focus</animation>
				<width>200</width>
				<height>40</height>
				<texturefocus border="5" colordiffuse="orange">button.png</texturefocus>
				<texturenofocus border="5">button.png</texturenofocus>
				<visible>system.getbool(input.enablemouse)</visible>
				<label>$ADDON[plugin.program.addonadministrator 30036]</label>
				<font>font13</font>
				<textcolor>black</textcolor>
				<focusedcolor>black</focusedcolor>
				<align>center</align>
				<aligny>center</aligny>
			</control> -->
		</control>
	</controls>
</window>