<?xml version="1.0" encoding="UTF-8" standalone="yes"?>
<addon id="plugin.program.addonadministrator" name="Addon Administrator" version="0.0.1" provider-name="BYB">
	<requires>
		<import addon="xbmc.python" version="3.0.0"/>
	</requires>
	<extension point="xbmc.python.pluginsource" library="addon.py">
		<provides>executable</provides>
	</extension>
	<extension point="xbmc.python.module" library="resources/lib/"/>
	<extension point="xbmc.service" library="resources/lib/scripts/autorun.py" />
	<extension point="xbmc.addon.metadata">
		<summary lang="en_GB">Addon Administrator</summary>
		<description lang="en_GB">Program for backing up, restoring, exporting,importing and comparing of addon settings</description>
		<disclaimer lang="en_GB"></disclaimer>
		<language>en</language>
		<platform>all</platform>
		<license>GPL-2.0-or-later</license>
		<forum></forum>
		<website></website> 
		<email></email>
		<source></source>
		<news>
			0.0.1 initial build
		</news>
		<assets>
			<icon>resources/icon.png</icon>
			<fanart>resources/fanart.jpg</fanart>
			<banner></banner>
			<clearlogo>resources/clearlogo.png</clearlogo>
			<screenshot></screenshot>
		</assets>
	</extension>
</addon>