<?xml version="1.0" encoding="UTF-8" standalone="yes"?>
<addon id="repository.flix_gui" name="FlixGui Repository" version="1.0.0" provider-name="BYB">
	<extension point="xbmc.addon.repository" name="FlixGui Repository">
		<info compressed="false">https://raw.githubusercontent.com/bigyidbuilds/xbmc/main/packages/flixgui/addons.xml</info>
		<checksum>https://raw.githubusercontent.com/bigyidbuilds/xbmc/main/packages/flixgui/addons.xml.md5</checksum>
		<datadir zip="true">https://raw.githubusercontent.com/bigyidbuilds/xbmc/main/packages/flixgui/</datadir>
	</extension>
	<extension point="xbmc.addon.metadata">
		<summary>Repository for Flix Gui</summary>
		<description></description>
		<disclaimer></disclaimer>
		<platform>all</platform>
	</extension>
</addon>

