<?xml version="1.0" encoding="utf-8"?>
<window>
	<defaultcontrol always="false">1004</defaultcontrol>
	<menucontrol>0</menucontrol>
	<backgroundcolor>0</backgroundcolor>
	<animation effect="fade" time="200">WindowOpen</animation>
	<animation effect="fade" time="200">WindowClose</animation>
	<coordinates>
		<left>0</left>
		<top>0</top>
	</coordinates>
	<controls>
		<control type="image">
			<left>-1000</left>
			<top>-1000</top>
			<width>1</width>
			<height>1</height>
			<texture>invisible.png</texture>
		</control>
		<control type="image" id="1000">
			<left>0</left>
			<top>0</top>
			<width>100%</width>
			<height>100%</height>
			<texture border="5">rc-white-100.png</texture>
			<bordertexture colordiffuse="black" border="5">rc-white-100.png</bordertexture>
			<bordersize>5</bordersize>
		</control>
		<control type="button" id="1001">
			<left>1215</left>
			<top>15</top>
			<width>50</width>
			<height>50</height>
			<onclick>Close</onclick>
			<ondown>1004</ondown>
			<texturefocus colordiffuse="black">close.png</texturefocus>
			<texturenofocus colordiffuse="gray">close.png</texturenofocus>
		</control>
		<control type="button" id="1003">
			<left>515</left>
			<top>655</top>
			<width>100</width>
			<height>50</height>
			<texturefocus colordiffuse="black" border="5">rc-white-100.png</texturefocus>
			<texturenofocus colordiffuse="gray" border="5">rc-white-100.png</texturenofocus>
			<textcolor>black</textcolor>
			<focusedcolor>white</focusedcolor>
			<font>font13</font>
			<label>$ADDON[script.module.readme.changelog 30005]</label>
			<align>center</align>
			<aligny>center</aligny>
			<onright>1004</onright>
		</control>
		<control type="button" id="1004">
			<left>665</left>
			<top>655</top>
			<width>100</width>
			<height>50</height>
			<texturefocus colordiffuse="black" border="5">rc-white-100.png</texturefocus>
			<texturenofocus colordiffuse="gray" border="5">rc-white-100.png</texturenofocus>
			<textcolor>black</textcolor>
			<focusedcolor>white</focusedcolor>
			<font>font13</font>
			<label>$ADDON[script.module.readme.changelog 30006]</label>
			<align>center</align>
			<aligny>center</aligny>
			<onleft>1003</onleft>
		</control>
		<control type="label" id="1005">
			<left>1060</left>
			<top>655</top>
			<width>200</width>
			<height>50</height>
			<textcolor>black</textcolor>
			<font>font13</font>
			<aligny>center</aligny>
			<align>right</align>
		</control>
	</controls>
</window>
