<?xml version="1.1" encoding="UTF-8" standalone="yes"?>
<addon id="script.module.python3.koding.aio" name="Python3 Koding AIO" version="0.0.1" provider-name="Total Revolution,BYB,Slamoius">
    <requires>
        <import addon="xbmc.python" version="3.0.0"/>
        <import addon="script.module.resolveurl" />
        <import addon="script.module.requests" />
        <import addon="script.module.beautifulsoup4" />
        <import addon="script.module.unidecode" />
    </requires>
    <extension point="xbmc.python.module" library="lib" />
    <extension point="xbmc.addon.metadata">
        <platform>all</platform>
        <assets>
				<icon>resources/icon.png</icon>
				<fanart>resources/fanart.jpg</fanart>
				<banner></banner>
				<clearlogo></clearlogo>
				<screenshot></screenshot>
		</assets>
        <summary lang="en">Python3 Koding All In One</summary>
        <description lang="en">Fork of Python Koding AIO contains a bunch of time saving modules that allows for quick and simple development. This is an alterrnate fork that uses ResolveURL instead of URL Resolver.Updated to Python 3</description>
        <disclaimer lang="en"/>
        <language/>
        <license>Creative Commons 4.0-NC-ND</license>
        <forum></forum>
        <website></website>
        <news>0.01 Test release</news>
        <source>https://github.com/bigyidbuilds/script.module.python3.koding.aio</source>
    </extension>
</addon>
