<?xml version="1.0" encoding="utf-8"?>
<window>
	<defaultcontrol always="false">2101</defaultcontrol>
	<menucontrol>0</menucontrol>
	<backgroundcolor>0</backgroundcolor>
	<animation effect="fade" time="200">WindowOpen</animation>
	<animation effect="fade" time="200">WindowClose</animation>
	<coordinates>
		<left>0</left>
		<top>0</top>
	</coordinates>
	<controls>
		<control type="image">
			<description>background</description>
			<left>0</left>
			<top>0</top>
			<width>100%</width>
			<height>100%</height>
			<texture>black-100.png</texture>
		</control>
		<control type="grouplist" id="2000">
			<left>60</left>
			<top>60</top>
			<width>250</width>
			<height>250</height>
			<ondown></ondown>
			<onright></onright>
			<onleft></onleft>
			<onup></onup>
			<orientation>vertical</orientation>
			<itemgap>2</itemgap>
			<scrolltime tween="sine" easing="out">300</scrolltime>
			<control type="group" id="2100">
				<description>cast button</description>
				<width>250</width>
				<height>50</height>
				<control type="image">
					<width>250</width>
					<height>50</height>
					<texture border="5">rc-white-100.png</texture>
					<visible>Control.HasFocus(2101)</visible>
				</control>
				<control type="button" id="2101">
					<left>2</left>
					<top>2</top>
					<width>246</width>
					<height>46</height>
					<ondown>2201</ondown>	
					<texturenofocus border="5">rc-grey-100.png</texturenofocus>
					<texturefocus border="5">rc-grey-100.png</texturefocus>
					<font>font13</font>
					<textcolor>80FFFFFF</textcolor>
					<focusedcolor>FFFFFFFF</focusedcolor>
					<aligny>center</aligny>
					<label>Cast</label>
					<onright>3000</onright>
				</control>
			</control>
			<control type="group" id="2200">
				<description>crew button</description>
				<width>250</width>
				<height>50</height>
				<control type="image">
					<width>250</width>
					<height>50</height>
					<texture border="5">rc-white-100.png</texture>
					<visible>Control.HasFocus(2201)</visible>
				</control>
				<control type="button" id="2201">
					<left>2</left>
					<top>2</top>
					<width>246</width>
					<height>46</height>
					<onup>2101</onup>
					<ondown>2301</ondown>
					<onright>3500</onright>		
					<texturenofocus border="5">rc-grey-100.png</texturenofocus>
					<texturefocus border="5">rc-grey-100.png</texturefocus>
					<font>font13</font>
					<textcolor>80FFFFFF</textcolor>
					<focusedcolor>FFFFFFFF</focusedcolor>
					<aligny>center</aligny>
					<label>Crew</label>
				</control>
			</control>
			<control type="group" id="2300">
				<description>More Videos</description>
				<width>250</width>
				<height>50</height>
				<control type="image">
					<width>250</width>
					<height>50</height>
					<texture border="5">rc-white-100.png</texture>
					<visible>Control.HasFocus(2301)</visible>
				</control>
				<control type="button" id="2301">
					<left>2</left>
					<top>2</top>
					<width>246</width>
					<height>46</height>
					<onup>2201</onup>
					<onright>4000</onright>
					<texturenofocus border="5">rc-grey-100.png</texturenofocus>
					<texturefocus border="5">rc-grey-100.png</texturefocus>
					<font>font13</font>
					<textcolor>80FFFFFF</textcolor>
					<focusedcolor>FFFFFFFF</focusedcolor>
					<aligny>center</aligny>
					<label>More Videos</label>
				</control>
			</control>
		</control>
		<control type="panel" id="3000">
			<animation effect="slide" end="0,-660" condition="Control.HasFocus(2201)|Control.HasFocus(3500)" time="300">Conditional</animation>
			<animation effect="slide" end="0,-1380" condition="Control.HasFocus(2301)|Control.HasFocus(4000)" time="300">Conditional</animation>
			<left>320</left>
			<top>60</top>
			<width>900</width>
			<height>600</height>
			<onleft>2000</onleft>
			<scrolltime tween="sine" easing="out">200</scrolltime>
			<itemlayout width="150" height="225">
				<control type="image">
					<left>2</left>
					<top>2</top>
					<width>146</width>
					<height>221</height>
					<aspectratio>keep</aspectratio>
					<texture>$INFO[ListItem.Art(thumb)]</texture>
				</control>
				<control type="image">
					<left>2</left>
					<top>2</top>
					<width>146</width>
					<height>221</height>
					<texture>black-bottom-fade.png</texture>
				</control>
				<control type="label">
					<left>2</left>
					<top>190</top>
					<width>146</width>
					<height>15</height>
					<label>$INFO[ListItem.label]</label>
					<font>font10</font>
					<scroll>true</scroll>
					<aligny>center</aligny>
					<align>center</align>
				</control>
				<control type="label">
					<left>2</left>
					<top>205</top>
					<width>146</width>
					<height>15</height>
					<label>$INFO[ListItem.label2]</label>
					<font>font10</font>
					<scroll>true</scroll>
					<aligny>center</aligny>
					<align>center</align>
				</control>
			</itemlayout>
			<focusedlayout width="150" height="225">
				<control type="image">
					<width>150</width>
					<height>225</height>
					<texture>white-100.png</texture>
					<visible>Control.HasFocus(3000)</visible>
				</control>
				<control type="image">
					<left>2</left>
					<top>2</top>
					<width>146</width>
					<height>221</height>
					<aspectratio>keep</aspectratio>
					<texture>$INFO[ListItem.Art(thumb)]</texture>
				</control>
				<control type="image">
					<left>2</left>
					<top>2</top>
					<width>146</width>
					<height>221</height>
					<texture>black-bottom-fade.png</texture>
				</control>
				<control type="label">
					<left>2</left>
					<top>190</top>
					<width>146</width>
					<height>15</height>
					<label>$INFO[ListItem.label]</label>
					<font>font10</font>
					<scroll>true</scroll>
					<aligny>center</aligny>
					<align>center</align>
				</control>
				<control type="label">
					<left>2</left>
					<top>205</top>
					<width>146</width>
					<height>15</height>
					<label>$INFO[ListItem.label2]</label>
					<font>font10</font>
					<scroll>true</scroll>
					<aligny>center</aligny>
					<align>center</align>
				</control>
			</focusedlayout>
		</control>
		<control type="panel" id="3500">
			<animation effect="slide" end="0,-660" condition="Control.HasFocus(2201)|Control.HasFocus(3500) " time="300">Conditional</animation>
			<animation effect="slide" end="0,-1380" condition="Control.HasFocus(2301)|Control.HasFocus(4000)" time="300">Conditional</animation>
			<left>320</left>
			<top>720</top>
			<width>900</width>
			<height>600</height>
			<onleft>2000</onleft>
			<scrolltime tween="sine" easing="out">200</scrolltime>
			<itemlayout width="150" height="225">
				<control type="image">
					<left>2</left>
					<top>2</top>
					<width>146</width>
					<height>221</height>
					<aspectratio>keep</aspectratio>
					<texture>$INFO[ListItem.Art(thumb)]</texture>
				</control>
				<control type="image">
					<left>2</left>
					<top>2</top>
					<width>146</width>
					<height>221</height>
					<texture>black-bottom-fade.png</texture>
				</control>
				<control type="label">
					<left>2</left>
					<top>190</top>
					<width>146</width>
					<height>15</height>
					<label>$INFO[ListItem.label]</label>
					<font>font10</font>
					<scroll>true</scroll>
					<aligny>center</aligny>
					<align>center</align>
				</control>
				<control type="label">
					<left>2</left>
					<top>205</top>
					<width>146</width>
					<height>15</height>
					<label>$INFO[ListItem.label2]</label>
					<font>font10</font>
					<scroll>true</scroll>
					<aligny>center</aligny>
					<align>center</align>
				</control>
			</itemlayout>
			<focusedlayout width="150" height="225">
				<control type="image">
					<width>150</width>
					<height>225</height>
					<texture>white-100.png</texture>
					<visible>Control.HasFocus(3500)</visible>
				</control>
				<control type="image">
					<left>2</left>
					<top>2</top>
					<width>146</width>
					<height>221</height>
					<aspectratio>keep</aspectratio>
					<texture>$INFO[ListItem.Art(thumb)]</texture>
				</control>
				<control type="image">
					<left>2</left>
					<top>2</top>
					<width>146</width>
					<height>221</height>
					<texture>black-bottom-fade.png</texture>
				</control>
				<control type="label">
					<left>2</left>
					<top>190</top>
					<width>146</width>
					<height>15</height>
					<label>$INFO[ListItem.label]</label>
					<font>font10</font>
					<scroll>true</scroll>
					<aligny>center</aligny>
					<align>center</align>
				</control>
				<control type="label">
					<left>2</left>
					<top>205</top>
					<width>146</width>
					<height>15</height>
					<label>$INFO[ListItem.label2]</label>
					<font>font10</font>
					<scroll>true</scroll>
					<aligny>center</aligny>
					<align>center</align>
				</control>
			</focusedlayout>
		</control>
		<control type="panel" id="4000">
			<animation effect="slide" end="0,-660" condition="Control.HasFocus(2201)|Control.HasFocus(3500)" time="300">Conditional</animation>
			<animation effect="slide" end="0,-1380" condition="Control.HasFocus(2301)|Control.HasFocus(4000)" time="300">Conditional</animation>
			<left>320</left>
			<top>1480</top>
			<width>900</width>
			<height>600</height>
			<onleft>2000</onleft>
			<scrolltime tween="sine" easing="out">200</scrolltime>
			<itemlayout width="225" height="150">
				<control type="image">
					<left>2</left>
					<top>2</top>
					<width>221</width>
					<height>146</height>
					<aspectratio>scale</aspectratio>
					<texture>$INFO[ListItem.Art(thumb)]</texture>
				</control>
				<control type="image">
					<left>2</left>
					<top>2</top>
					<width>221</width>
					<height>146</height>
					<texture>black-bottom-fade.png</texture>
				</control>
				<control type="label">
					<left>2</left>
					<top>133</top>
					<width>221</width>
					<height>15</height>
					<label>$INFO[ListItem.label]</label>
					<font>font10</font>
					<scroll>true</scroll>
					<aligny>center</aligny>
					<align>center</align>
				</control>
			</itemlayout>
			<focusedlayout width="225" height="150">
				<control type="image">
					<width>225</width>
					<height>150</height>
					<texture>white-100.png</texture>
					<visible>Control.HasFocus(4000)</visible>
				</control>
				<control type="image">
					<left>2</left>
					<top>2</top>
					<width>221</width>
					<height>146</height>
					<aspectratio>scale</aspectratio>
					<texture>$INFO[ListItem.Art(thumb)]</texture>
				</control>
				<control type="image">
					<left>2</left>
					<top>2</top>
					<width>221</width>
					<height>146</height>
					<texture>black-bottom-fade.png</texture>
				</control>
				<control type="label">
					<left>2</left>
					<top>133</top>
					<width>221</width>
					<height>15</height>
					<label>$INFO[ListItem.label]</label>
					<font>font10</font>
					<scroll>true</scroll>
					<aligny>center</aligny>
					<align>center</align>
				</control>
			</focusedlayout>
		</control>
	</controls>
</window>
