<?xml version="1.0" encoding="UTF-8" standalone="yes"?>
<addon id="script.gui.flixgui" name="FlixGui" version="0.0.1" provider-name="BYB">
	<requires>
		<import addon="xbmc.python" version="3.0.0"/>
		<import addon="script.module.requests"/>
		<import addon="script.module.dateutil" version="2.5.3"/>
		<import addon="plugin.video.youtube" version="6.0.0"/>
		<import addon="script.module.resolveurl" version="5.0.00"/>
	</requires>
	<extension point="xbmc.python.module" library="lib">
		<provides>excutable</provides>
	</extension>
	<extension point="xbmc.service" library="service.py" />
	<extension point="xbmc.addon.metadata">
		<summary lang="en"></summary>
		<description lang="en"></description>
		<platform>all</platform>
		<language>en</language>
		<license>GPL-2.0-or-later</license>
		<forum></forum>
		<website></website> 
		<email></email>
		<source>https://github.com/bigyidbuilds/script.gui.flixgui.git</source>
		<news>v0.0.1 (15/11/2020)
			[new] New  version
		</news>
		<assets>
			<icon>resources/icon.png</icon>
			<fanart>resources/fanart.jpg</fanart>
			<banner></banner>
			<clearlogo>resources/clearlogo.png</clearlogo>
			<screenshot></screenshot>
		</assets>
	</extension>
</addon>