<?xml version="1.0" encoding="utf-8"?>
<window>
	<defaultcontrol always="false">2001</defaultcontrol>
	<menucontrol>0</menucontrol>
	<backgroundcolor>0</backgroundcolor>
	<animation effect="fade" time="200">WindowOpen</animation>
	<animation effect="fade" time="200">WindowClose</animation>
	<controls>
		<control type="group">
			<width>750</width>
			<height>275</height>
			<centerleft>50%</centerleft>
			<centertop>50%</centertop>
			<control type="image">
				<texture border="5" flipy="true" flipx="false">black_background.png</texture>
				<bordertexture border="5" colordiffuse="Addon.SettingStr(plugin.video.tmdbtrailers,general.border.color)">white_background.png</bordertexture>
				<bordersize>5</bordersize>
			</control>
			<control type="group" id="1000">
				<height>110</height>
				<control type="image" id="1001">
					<texture border="5" flipy="true" flipx="false" >white_background.png</texture>
					<colordiffuse>$INFO[Addon.SettingStr(plugin.video.tmdbtrailers,general.header.color)]</colordiffuse>
					<bordertexture border="5" colordiffuse="Addon.SettingStr(plugin.video.tmdbtrailers,general.border.color)">white_background.png</bordertexture>
					<bordersize>5,5,5,0</bordersize>
				</control>
				<control type="label" id="1002">
					<height>50</height>
					<left>5</left>
					<top>5</top>
					<font>font15</font>
					<label></label>
					<textcolor>$INFO[Addon.SettingStr(plugin.video.tmdbtrailers,general.header.text.color)]</textcolor>
					<align>center</align>
					<aligny>center</aligny>
				</control>
				<control type="label" id="1003">
					<height>50</height>
					<left>5</left>
					<top>55</top>
					<font>font15</font>
					<label>[B]$INFO[Control.Getlabel(2001)][/B]</label>
					<textcolor>$INFO[Addon.SettingStr(plugin.video.tmdbtrailers,general.header.text.color)]</textcolor>
					<align>center</align>
					<aligny>center</aligny>
				</control>
				<control type="button" id="1004">
					<animation effect="zoom" end="105,105" center="auto" time="100">Focus</animation>
					<width>50</width>
					<height>50</height>
					<left>55r</left>
					<top>5</top>
					<texturefocus colordiffuse="Addon.SettingStr(plugin.video.tmdbtrailers,general.header.close.focus.color)">close.png</texturefocus>
					<texturenofocus colordiffuse="Addon.SettingStr(plugin.video.tmdbtrailers,general.header.close.nofocus.color)">close.png</texturenofocus>
					<ondown>2001</ondown>
				</control>
			</control>
			<control type="slider" id="2001">
				<description>rating control</description>
				<top>125</top>
				<left>20</left>
				<width>710</width>
				<height>50</height>
				<visible>true</visible>
				<animation effect="zoom" end="101,105" center="auto" time="100">Focus</animation>
			  	<texturesliderbar>white_background.png</texturesliderbar>
			  	<texturesliderbardisabled></texturesliderbardisabled>
				<textureslidernib colordiffuse="black">star.png</textureslidernib>
				<textureslidernibfocus colordiffuse="gold">star.png</textureslidernibfocus>
				<textureslidernibdisabled></textureslidernibdisabled>
				<info></info>
				<action></action>
				<controloffsetx></controloffsetx>
				<controloffsety></controloffsety>
				<pulseonselect></pulseonselect>
				<orientation>horizontal</orientation>
				<onup>1004</onup>
				<ondown>3000</ondown>
				<onleft></onleft>
				<onright></onright>
			</control>
			<control type="grouplist" id="3000">
				<description>buttons</description>
				<defaultcontrol>3001</defaultcontrol>
				<left>20</left>
				<top>200</top>
				<width>710</width>
				<height>60</height>
				<itemgap>20</itemgap>
				<pagecontrol></pagecontrol>
				<scrolltime tween="sine" easing="out">200</scrolltime>
				<orientation>horizontal</orientation>
				<usecontrolcoords>false</usecontrolcoords>
				<visible>true</visible>
				<onup>2001</onup>
				<ondown></ondown>
				<onleft></onleft>
				<onright></onright>
				<align>center</align>
				<control type="button" id="3001">
					<description>rate button</description>
					<width>200</width>
					<height>50</height>
					<visible>true</visible>
					<animation effect="zoom" end="105,105" center="auto" time="100">Focus</animation>
					<colordiffuse>FFFFFFFF</colordiffuse>
					<texturefocus border="5" colordiffuse="Addon.SettingStr(plugin.video.tmdbtrailers,general.button.focus.color)">button.png</texturefocus>
					<texturenofocus border="5" colordiffuse="Addon.SettingStr(plugin.video.tmdbtrailers,general.button.nofocus.color)">button.png</texturenofocus>
					<label>$ADDON[plugin.video.tmdbtrailers 32074]</label>
					<wrapmultiline>true</wrapmultiline>
					<font>font12</font>
					<textcolor>$INFO[Addon.SettingStr(plugin.video.tmdbtrailers,general.button.text.nofocus.color)]</textcolor>
					<focusedcolor>$INFO[Addon.SettingStr(plugin.video.tmdbtrailers,general.button.text.focus.color)]</focusedcolor>
					<disabledcolor></disabledcolor>
					<invalidcolor></invalidcolor>
					<align>center</align>
					<aligny>center</aligny>
					<textoffsetx></textoffsetx>
					<textoffsety></textoffsety>
					<pulseonselect></pulseonselect>
					<onclick></onclick>
					<onfocus></onfocus>
					<onunfocus></onunfocus>
				</control>
				<control type="button" id="3002">
					<description>cancel button</description>
					<width>200</width>
					<height>50</height>
					<visible>true</visible>
					<animation effect="zoom" end="105,105" center="auto" time="100">Focus</animation>
					<colordiffuse>FFFFFFFF</colordiffuse>
					<texturefocus border="5" colordiffuse="Addon.SettingStr(plugin.video.tmdbtrailers,general.button.focus.color)">button.png</texturefocus>
					<texturenofocus border="5" colordiffuse="Addon.SettingStr(plugin.video.tmdbtrailers,general.button.nofocus.color)">button.png</texturenofocus>
					<label>$ADDON[plugin.video.tmdbtrailers 32075]</label>
					<wrapmultiline>true</wrapmultiline>
					<font>font12</font>
					<textcolor>$INFO[Addon.SettingStr(plugin.video.tmdbtrailers,general.button.text.nofocus.color)]</textcolor>
					<focusedcolor>$INFO[Addon.SettingStr(plugin.video.tmdbtrailers,general.button.text.focus.color)]</focusedcolor>
					<disabledcolor></disabledcolor>
					<invalidcolor></invalidcolor>
					<align>center</align>
					<aligny>center</aligny>
					<textoffsetx></textoffsetx>
					<textoffsety></textoffsety>
					<pulseonselect></pulseonselect>
					<onclick></onclick>
					<onfocus></onfocus>
					<onunfocus></onunfocus>
				</control>
			</control>
		</control>
	</controls>
</window>
