<?xml version="1.0" encoding="utf-8"?>
<window>
	<defaultcontrol always="false">2000</defaultcontrol>
	<coordinates>
		<left>0</left>
		<top>0</top>
	</coordinates>
	<animation effect="fade" time="250">WindowOpen</animation>
	<animation effect="fade" time="250">WindowClose</animation>
	<controls>
		<control type="image">
			<description>Background Image</description>
			<width>100%</width>
			<height>100%</height>
			<aspectratio>scale</aspectratio>
			<texture>background.png</texture>
		</control>
		<control type="list" id="2000">
			<left>750</left>
			<top>100</top>
			<width>500</width>
			<height>600</height>
			<onleft>3010</onleft>
			<onright></onright>
			<onup></onup>
			<ondown></ondown>
			<scrolltime tween="quadratic" easing="out">300</scrolltime>
			<orientation>vertical</orientation>
			<itemlayout height="55" width="400">
				<control type="label">
					<left>0</left>
					<top>0</top>
					<width>500</width>
					<height>45</height>
					<font>font60</font>
					<aligny>center</aligny>
					<textcolor>FF000033</textcolor>
					<shadowcolor>white</shadowcolor>
					<align>right</align>
					<aligny>center</aligny>
					<label>$INFO[ListItem.label]</label>
				</control>
			</itemlayout>
			<focusedlayout height="55" width="400">
				<control type="label">
					<left>0</left>
					<top>0</top>
					<width>500</width>
					<height>45</height>
					<font>font60</font>
					<aligny>center</aligny>
					<align>right</align>
					<textcolor>white</textcolor>
					<shadowcolor>FF000033</shadowcolor>
					<label>[B]$INFO[ListItem.label][/B]</label>
				</control>
			</focusedlayout>
		</control>
	</controls>
</window>