{
	"movies": [
		{
			"backdrop": "",
			"genre": [],
			"overview": "",
			"poster": "",
			"releasedate": "",
			"stream": [
				"http://something.com"
			],
			"title": "mulan",
			"tmdbid": 337401
		},
		{
			"backdrop": "",
			"genre": [],
			"overview": "",
			"poster": "",
			"releasedate": "",
			"stream": [
				"http://something.com"
			],
			"title": "pulp fiction",
			"tmdbid": 680
		},
		{
			"backdrop": "",
			"genre": [],
			"overview": "",
			"poster": "",
			"releasedate": "",
			"stream": [
				"http://something.com"
			],
			"title": "the avengers",
			"tmdbid": 24428
		},
		{
			"backdrop": "",
			"genre": [],
			"overview": "",
			"poster": "",
			"releasedate": "",
			"stream": [
				"http://something.com"
			],
			"title": "enola holmes",
			"tmdbid": 497582
		},
		{
			"backdrop": "",
			"genre": [],
			"overview": "",
			"poster": "",
			"releasedate": "",
			"stream": [
				"http://something.com"
			],
			"title": "Monsters of Man ",
			"tmdbid": 733317
		},
		{
			"backdrop": "",
			"genre": [],
			"overview": "",
			"poster": "",
			"releasedate": "",
			"stream": [
				"http://something.com"
			],
			"title": "Wonder Women 1984",
			"tmdbid": 464052
		},
		{
			"backdrop": "",
			"genre": [],
			"overview": "",
			"poster": "",
			"releasedate": "",
			"stream": [
				"http://something.com"
			],
			"title": "Soul",
			"tmdbid": 508442
		},
		{
			"backdrop": "",
			"genre": [],
			"overview": "",
			"poster": "",
			"releasedate": "",
			"stream": [
				"http://something.com"
			],
			"title": "the croods a new age",
			"tmdbid": 529203
		},
		{
			"backdrop": "",
			"genre": [],
			"overview": "",
			"poster": "",
			"releasedate": "",
			"stream": [
				"http://something.com"
			],
			"title": "originless",
			"tmdbid": 554585
		},
		{
			"backdrop": "",
			"genre": [],
			"overview": "",
			"poster": "",
			"releasedate": "",
			"stream": [
				"http://something.com"
			],
			"title": "Blade",
			"tmdbid": 36647
		},
		{
			"backdrop": "",
			"genre": [],
			"overview": "",
			"poster": "",
			"releasedate": "",
			"stream": [
				"http://something.com"
			],
			"title": "Captain Marvel",
			"tmdbid": 299537
		},
		{
			"backdrop": "",
			"genre": [],
			"overview": "",
			"poster": "",
			"releasedate": "",
			"stream": [
				"http://something.com"
			],
			"title": "outside the wire",
			"tmdbid": 775996
		},
		{
			"backdrop": "",
			"genre": [],
			"overview": "",
			"poster": "",
			"releasedate": "",
			"stream": [
				"http://something.com"
			],
			"title": "skyliners",
			"tmdbid": 560144
		}
	]
}


