<?xml version="1.0" encoding="utf-8"?>
<window>
	<defaultcontrol always="false">0</defaultcontrol>
	<menucontrol>0</menucontrol>
	<backgroundcolor>0</backgroundcolor>
	<animation effect="fade" time="200">WindowOpen</animation>
	<animation effect="fade" time="200">WindowClose</animation>
	<coordinates>
		<left>0</left>
		<top>0</top>
	</coordinates>
	<controls>
		<control type="image">
			<width>100%</width>
			<height>100%</height>
			<texture>background.png</texture>
		</control>
		<control type="list" id="2000">
			<animation effect="fade" end="60" reversible="false" condition="!Control.HasFocus(2000)">Conditional</animation>
			<animation effect="fade" end="0" reversible="false" condition="Control.IsVisible(4000)">Conditional</animation>
			<left>5</left>
			<top>100</top>
			<width>485</width>
			<height>600</height>
			<onleft></onleft>
			<onright>3000</onright>
			<onup></onup>
			<ondown></ondown>
			<scrolltime tween="quadratic" easing="out">300</scrolltime>
			<orientation>vertical</orientation>
			<itemlayout height="55" width="400">
				<control type="label">
					<left>0</left>
					<top>0</top>
					<width>485</width>
					<height>45</height>
					<font>font60</font>
					<aligny>center</aligny>
					<textcolor>FF000033</textcolor>
					<shadowcolor>white</shadowcolor>
					<align>right</align>
					<aligny>center</aligny>
					<label>$INFO[ListItem.label]</label>
				</control>
			</itemlayout>
			<focusedlayout height="55" width="400">
				<control type="label">
					<left>0</left>
					<top>0</top>
					<width>485</width>
					<height>45</height>
					<font>font60</font>
					<aligny>center</aligny>
					<align>right</align>
					<textcolor>white</textcolor>
					<shadowcolor>FF000033</shadowcolor>
					<label>[B]$INFO[ListItem.label][/B]</label>
				</control>
			</focusedlayout>
		</control>
		<control type="list" id="3000">
			<animation effect="fade" end="60" reversible="false" condition="!Control.HasFocus(3000)">Conditional</animation>
			<animation effect="fade" end="0" reversible="false" condition="Control.IsVisible(4000)">Conditional</animation>
			<left>790</left>
			<top>100</top>
			<width>485</width>
			<height>600</height>
			<onleft>2000</onleft>
			<onright></onright>
			<onup></onup>
			<ondown></ondown>
			<scrolltime tween="quadratic" easing="out">300</scrolltime>
			<orientation>vertical</orientation>
			<itemlayout height="41" width="400">
				<control type="label">
					<left>0</left>
					<top>2</top>
					<width>485</width>
					<height>37</height>
					<font>font37</font>
					<aligny>center</aligny>
					<textcolor>FF000033</textcolor>
					<shadowcolor>white</shadowcolor>
					<align>left</align>
					<label>$INFO[ListItem.label]</label>
				</control>
			</itemlayout>
			<focusedlayout height="41" width="400">
				<control type="label">
					<left>0</left>
					<top>2</top>
					<width>485</width>
					<height>37</height>
					<font>font37</font>
					<aligny>center</aligny>
					<align>left</align>
					<textcolor>white</textcolor>
					<shadowcolor>FF000033</shadowcolor>
					<label>[B]$INFO[ListItem.label][/B]</label>
				</control>
			</focusedlayout>
		</control>
		<control type="group" id="4000">
			<left>240</left>
			<top>160</top>
			<control type="image">
				<width>800</width>
				<height>405</height>
				<texture border="10">rc-button-focus.png</texture>
			</control>
			<control type="list" id="4001">
				<left>5</left>
				<top>5</top>
				<width>600</width>
				<height>395</height>
				<onleft></onleft>
				<onright>4002</onright>
				<onup></onup>
				<ondown></ondown>
				<scrolltime tween="quadratic" easing="out">300</scrolltime>
				<orientation>vertical</orientation>
				<itemlayout height="40" width="600">
					<control type="image">
						<width>594</width>
						<height>36</height>
						<texture  colordiffuse="FF0f204b">rc-button-nofocus.png</texture>
					</control>
					<control type="image">
						<left>5</left>
						<top>2</top>
						<width>32</width>
						<height>32</height>
						<texture>$INFO[ListItem.icon]</texture>
					</control>
					<control type="label">
						<left>38</left>
						<top>2</top>
						<width>485</width>
						<height>32</height>
						<font>font13</font>
						<aligny>center</aligny>
						<textcolor>FF000033</textcolor>
						<shadowcolor>white</shadowcolor>
						<align>left</align>
						<label>$INFO[ListItem.label]</label>
					</control>
				</itemlayout>
				<focusedlayout height="41" width="400">
					<control type="image">
						<width>594</width>
						<height>36</height>
						<texture  colordiffuse="FF000033">rc-button-focus.png</texture>
					</control>
					<control type="image">
						<left>5</left>
						<top>2</top>
						<width>32</width>
						<height>32</height>
						<texture>$INFO[ListItem.icon]</texture>
					</control>
					<control type="label">
						<left>38</left>
						<top>2</top>
						<width>485</width>
						<height>32</height>
						<font>font13</font>
						<aligny>center</aligny>
						<textcolor>white</textcolor>
						<align>left</align>
						<scroll>true</scroll>
						<label>[B]$INFO[ListItem.label][/B]</label>
					</control>
				</focusedlayout>
			</control>
			<control type="label">
				<left>610</left>
				<top>5</top>
				<width>180</width>
				<height>25</height>
				<font>font10</font>
				<textcolor>FF000033</textcolor>
				<label>Item $INFO[Container(4001).CurrentItem]/$INFO[Container(4001).NumItems]</label>
			</control>
			<control type="label" id="4003">
				<left>610</left>
				<top>35</top>
				<width>180</width>
				<height>25</height>
				<font>font10</font>
				<textcolor>FF000033</textcolor>
				<label></label>
			</control>
			<control type="button" id="4002">
				<left>610</left>
				<top>65</top>
				<width>180</width>
				<height>50</height>
				<texturefocus colordiffuse="FF000033">rc-button-focus.png</texturefocus>
				<texturenofocus colordiffuse="FF0f204b">rc-button-nofocus.png</texturenofocus>
				<label>Done</label>
				<textcolor>white</textcolor>
				<focusedcolor>white</focusedcolor>
				<font>font10</font>
				<align>center</align>
				<aligny>center</aligny>
				<onleft>4001</onleft>
			</control>
		</control>
	</controls>
</window>


	<!--color name="spursblue">FF0f204b</color>
	<color name="spurssilver">FFacadb0</color>
	<color name="spurshlblue">FF3db7e4</color>
	<color name="spursdarkblue">FF000033</color>
	<color name="pyellow">FFffff66</color>
	<color name="thfcgold">FF85764D</color-->