<?xml version="1.0" encoding="utf-8"?>
<window>
	<defaultcontrol always="false">2000</defaultcontrol>
	<coordinates>
		<left>0</left>
		<top>0</top>
	</coordinates>
	<animation effect="fade" time="250">WindowOpen</animation>
	<animation effect="fade" time="250">WindowClose</animation>
	<controls>
		<control type="image">
			<description>Background Image</description>
			<width>100%</width>
			<height>100%</height>
			<aspectratio>scale</aspectratio>
			<texture>background.png</texture>
		</control>
		<control type="fadelabel" id="1000">
			<description>RSSFeed</description>
			<left>5</left>
			<top>2</top>
			<width>1270</width>
			<height>50</height>
			<visible>true</visible>
			<scrollout>true</scrollout>
			<pauseatend>200</pauseatend>
			<label></label>
			<font>font14</font>
			<textcolor>FF000033</textcolor>
			<textoffsetx>1300</textoffsetx>
			<scroll>true</scroll>
			<randomize>true</randomize>
		</control>
		<control type="list" id="2000">
			<left>750</left>
			<top>100</top>
			<width>500</width>
			<height>600</height>
			<onleft>3010</onleft>
			<onright></onright>
			<onup></onup>
			<ondown></ondown>
			<scrolltime tween="quadratic" easing="out">300</scrolltime>
			<orientation>vertical</orientation>
			<itemlayout height="55" width="400">
				<control type="label">
					<left>0</left>
					<top>0</top>
					<width>500</width>
					<height>45</height>
					<font>font60</font>
					<aligny>center</aligny>
					<textcolor>FF000033</textcolor>
					<shadowcolor>white</shadowcolor>
					<align>right</align>
					<aligny>center</aligny>
					<label>$INFO[ListItem.label]</label>
				</control>
			</itemlayout>
			<focusedlayout height="55" width="400">
				<control type="label">
					<left>0</left>
					<top>0</top>
					<width>500</width>
					<height>45</height>
					<font>font60</font>
					<aligny>center</aligny>
					<align>right</align>
					<textcolor>white</textcolor>
					<shadowcolor>FF000033</shadowcolor>
					<label>[B]$INFO[ListItem.label][/B]</label>
				</control>
			</focusedlayout>
		</control>
		<control type="group" id="3000">
			<description>next game</description>
			<animation effect="slide" end="330,0" time="200" delay="200" condition="Control.HasFocus(3010)">Conditional</animation>
			<left>0</left>
			<top>100</top>
			<width>325</width>
			<height>260</height>
			<control type="button" id="3010">
				<left>-25</left>
				<width>200</width>
				<height>50</height>
				<texturefocus >rc-button-focus.png</texturefocus>
				<texturenofocus >rc-button-nofocus.png</texturenofocus>
				<label>Next Match</label>
				<textcolor>FF0f204b</textcolor>
				<focusedcolor>FF000033</focusedcolor>
				<onright>2000</onright>
				<ondown>4001</ondown>
				<textoffsetx>30</textoffsetx>
			</control>
			<control type="group">
				<left>-325</left>
				<control type="image">
					<width>325</width>
					<height>260</height>
					<texture border="10">rc-button-focus.png</texture>
				</control>
				<control type="label" >
					<left>5</left>
					<width>250</width>
					<height>25</height>
					<font>font13</font>
					<textcolor>FF000033</textcolor>
					<label>Next Match:</label>
				</control>
				<control type="image" id="3001">
					<description>NM_LEAGUE_LOGO</description>
					<left>0</left>
					<top>25</top>
					<width>50</width>
					<height>50</height>
					<aspectratio>keep</aspectratio>
				</control>
				<control type="label" id="3007">
					<description>NM_LEAGUE_NAME</description>
					<left>55</left>
					<top>25</top>
					<width>295</width>
					<height>50</height>
					<font>font13</font>
					<textcolor>FF000033</textcolor>
				</control>
				<control type="image" id="3002">
					<description>NM_HOMEBADGE</description>
					<left>25</left>
					<top>80</top>
					<width>100</width>
					<height>100</height>
					<aspectratio>keep</aspectratio>
				</control>
				<control type="image" id="3003">
					<description>NM_AWAYBADGE</description>
					<left>200</left>
					<top>80</top>
					<width>100</width>
					<height>100</height>
					<aspectratio>keep</aspectratio>
				</control>
				<control type="label" id="3008">
					<description>NM_HOMENAME</description>
					<left></left>
					<top>185</top>
					<width>150</width>
					<height>25</height>
					<font>font10</font>
					<aligny>center</aligny>
					<align>center</align>
					<textcolor>FF000033</textcolor>
				</control>
				<control type="label">
					<left>150</left>
					<top>185</top>
					<width>25</width>
					<height>25</height>
					<align>center</align>
					<aligny>center</aligny>
					<font>font10</font>
					<textcolor>FF000033</textcolor>
					<label>Vs</label>
				</control>
				<control type="label" id="3009">
					<description>NM_AWAYNAME</description>
					<left>175</left>
					<top>185</top>
					<width>150</width>
					<height>25</height>
					<font>font10</font>
					<align>center</align>
					<aligny>center</aligny>
					<textcolor>FF000033</textcolor>
				</control>
				<control type="label" id="3004">
					<description>NM_DATETIME</description>
					<left>5</left>
					<top>210</top>
					<width>315</width>
					<height>25</height>
					<aligny>center</aligny>
					<align>left</align>
					<font>font10</font>
					<textcolor>FF000033</textcolor>
				</control>
				<control type="label" id="3005">
					<description>NM_STADNAME</description>
					<left>5</left>
					<top>235</top>
					<width>315</width>
					<height>25</height>
					<aligny>center</aligny>
					<align>left</align>
					<font>font10</font>
					<textcolor>FF000033</textcolor>
				</control>
			</control>
		</control>
		<control type="group" id="4000">
			<description>Latest Pods</description>
			<animation effect="slide" end="0,210" time="200" condition="Control.HasFocus(3010)">Conditional</animation>
			<animation effect="slide" end="345,0" time="200" condition="Control.HasFocus(4001)|Control.HasFocus(4002)">Conditional</animation>
			<left>0</left>
			<top>160</top>
			<control type="button" id="4001">
				<left>-25</left>
				<width>220</width>
				<height>50</height>
				<texturefocus >rc-button-focus.png</texturefocus>
				<texturenofocus >rc-button-nofocus.png</texturenofocus>
				<label>Latest Podcasts</label>
				<textcolor>FF0f204b</textcolor>
				<focusedcolor>FF000033</focusedcolor>
				<onright>2000</onright>
				<onup>3010</onup>
				<onleft>Control.SetFocus(4002,2)</onleft>
				<ondown>5001</ondown>
				<textoffsetx>30</textoffsetx>
			</control>
			<control type="group">
				<left>-340</left>
				<control type="image">
					<width>340</width>
					<height>170</height>
					<texture border="10">rc-button-focus.png</texture>
				</control>
				<control type="list" id="4002">
					<left>5</left>
					<top>10</top>
					<width>330</width>
					<height>160</height>
					<onright>4001</onright>
					<onup>3010</onup>
					<ondown>5001</ondown>
					<scrolltime tween="quadratic" easing="out">300</scrolltime>
					<orientation>horizontal</orientation>
					<itemlayout height="160" width="110">
						<control type="image">
							<left>5</left>
							<top>5</top>
							<width>100</width>
							<height>100</height>
							<texture>$INFO[ListItem.icon]</texture>
							<aspectratio>keep</aspectratio>
						</control>
						<control type="label">
							<left>5</left>
							<top>110</top>
							<width>100</width>
							<height>50</height>
							<textcolor>FF0f204b</textcolor>
							<wrapmultiline>true</wrapmultiline>
							<label>$INFO[LIstItem.Label]</label>
							<font>font10</font>
						</control>
					</itemlayout>
					<focusedlayout  height="160" width="110">
						<control type="image">
							<left></left>
							<top></top>
							<width>110</width>
							<height>110</height>
							<texture colordiffuse="FF85764D">rc-button-focus.png</texture>
							<visible>Control.HasFocus(4002)</visible>
						</control>
						<control type="image">
							<left>5</left>
							<top>5</top>
							<width>100</width>
							<height>100</height>
							<texture>$INFO[ListItem.icon]</texture>
							<aspectratio>keep</aspectratio>
						</control>
						<control type="label">
							<left>5</left>
							<top>110</top>
							<width>100</width>
							<height>50</height>
							<font>font10</font>
							<textcolor>FF000033</textcolor>
							<wrapmultiline>true</wrapmultiline>
							<label>$INFO[LIstItem.Label]</label>
							<scroll>true</scroll>
						</control>
					</focusedlayout>
				</control>
			</control>
		</control>
		<control type="group" id="5000">
			<description>Latest utube</description>
			<animation effect="slide" end="0,210" time="200" condition="Control.HasFocus(3010)">Conditional</animation>
			<animation effect="slide" end="0,120" time="200" condition="Control.HasFocus(4001)|Control.HasFocus(4002)">Conditional</animation>
			<animation effect="slide" end="405,0" time="200" condition="Control.HasFocus(5001)|Control.HasFocus(5002)">Conditional</animation>
			<left>0</left>
			<top>220</top>
			<control type="button" id="5001">
				<left>-25</left>
				<width>220</width>
				<height>50</height>
				<texturefocus >rc-button-focus.png</texturefocus>
				<texturenofocus >rc-button-nofocus.png</texturenofocus>
				<label>Latest YouTube</label>
				<textcolor>FF0f204b</textcolor>
				<focusedcolor>FF000033</focusedcolor>
				<onright>2000</onright>
				<onup>4001</onup>
				<onleft>Control.SetFocus(5002,2)</onleft>
				<ondown>8000</ondown>
				<textoffsetx>30</textoffsetx>
			</control>
			<control type="group">
				<left>-400</left>
				<control type="image">
					<width>400</width>
					<height>160</height>
					<texture border="10">rc-button-focus.png</texture>
				</control>
				<control type="list" id="5002">
					<left>5</left>
					<top>10</top>
					<width>390</width>
					<height>160</height>
					<onright>5001</onright>
					<onup>4001</onup>
					<scrolltime tween="quadratic" easing="out">300</scrolltime>
					<orientation>horizontal</orientation>
					<itemlayout height="160" width="130">
						<control type="image">
							<left>5</left>
							<top>5</top>
							<width>120</width>
							<height>90</height>
							<texture>$INFO[ListItem.icon]</texture>
							<aspectratio>keep</aspectratio>
						</control>
						<control type="label">
							<left>5</left>
							<top>100</top>
							<width>120</width>
							<height>50</height>
							<textcolor>FF0f204b</textcolor>
							<wrapmultiline>true</wrapmultiline>
							<label>$INFO[LIstItem.Label]</label>
							<font>font10</font>
						</control>
					</itemlayout>
					<focusedlayout  height="160" width="130">
						<control type="image">
							<left></left>
							<top></top>
							<width>130</width>
							<height>100</height>
							<texture colordiffuse="FF85764D">rc-button-focus.png</texture>
							<visible>Control.HasFocus(5002)</visible>
						</control>
						<control type="image">
							<left>5</left>
							<top>5</top>
							<width>120</width>
							<height>90</height>
							<texture>$INFO[ListItem.icon]</texture>
							<aspectratio>keep</aspectratio>
						</control>
						<control type="label">
							<left>5</left>
							<top>100</top>
							<width>120</width>
							<height>50</height>
							<font>font10</font>
							<textcolor>FF000033</textcolor>
							<wrapmultiline>true</wrapmultiline>
							<label>$INFO[LIstItem.Label]</label>
							<scroll>true</scroll>
						</control>
					</focusedlayout>
				</control>
			</control>
		</control>
		<control type="group" id="8000">
			<description>Latest spurstv</description>
			<animation effect="slide" end="0,210" time="200" condition="Control.HasFocus(3010)">Conditional</animation>
			<animation effect="slide" end="0,120" time="200" condition="Control.HasFocus(4001)|Control.HasFocus(4002)">Conditional</animation>
			<animation effect="slide" end="0,110" time="200" condition="Control.HasFocus(5001)|Control.HasFocus(5002)">Conditional</animation>
			<animation effect="slide" end="405,0" time="200" condition="Control.HasFocus(8001)|Control.HasFocus(8002)">Conditional</animation>
			<left>0</left>
			<top>280</top>
			<control type="button" id="8001">
				<left>-25</left>
				<width>220</width>
				<height>50</height>
				<texturefocus >rc-button-focus.png</texturefocus>
				<texturenofocus >rc-button-nofocus.png</texturenofocus>
				<label>Latest SpursTV</label>
				<textcolor>FF0f204b</textcolor>
				<focusedcolor>FF000033</focusedcolor>
				<onright>2000</onright>
				<onup>5001</onup>
				<onleft>Control.SetFocus(8002,2)</onleft>
				<ondown condition="Player.HasMedia">6000</ondown>
				<textoffsetx>30</textoffsetx>
			</control>
			<control type="group">
				<left>-400</left>
				<control type="image">
					<width>400</width>
					<height>160</height>
					<texture border="10">rc-button-focus.png</texture>
				</control>
				<control type="list" id="8002">
					<left>5</left>
					<top>10</top>
					<width>390</width>
					<height>160</height>
					<onright>8001</onright>
					<onup>5001</onup>
					<scrolltime tween="quadratic" easing="out">300</scrolltime>
					<orientation>horizontal</orientation>
					<itemlayout height="160" width="130">
						<control type="image">
							<left>5</left>
							<top>5</top>
							<width>120</width>
							<height>90</height>
							<texture>$INFO[ListItem.icon]</texture>
							<aspectratio>keep</aspectratio>
						</control>
						<control type="label">
							<left>5</left>
							<top>100</top>
							<width>120</width>
							<height>50</height>
							<textcolor>FF0f204b</textcolor>
							<wrapmultiline>true</wrapmultiline>
							<label>$INFO[LIstItem.Label]</label>
							<font>font10</font>
						</control>
					</itemlayout>
					<focusedlayout  height="160" width="130">
						<control type="image">
							<left></left>
							<top></top>
							<width>130</width>
							<height>100</height>
							<texture colordiffuse="FF85764D">rc-button-focus.png</texture>
							<visible>Control.HasFocus(8002)</visible>
						</control>
						<control type="image">
							<left>5</left>
							<top>5</top>
							<width>120</width>
							<height>90</height>
							<texture>$INFO[ListItem.icon]</texture>
							<aspectratio>keep</aspectratio>
						</control>
						<control type="label">
							<left>5</left>
							<top>100</top>
							<width>120</width>
							<height>50</height>
							<font>font10</font>
							<textcolor>FF000033</textcolor>
							<wrapmultiline>true</wrapmultiline>
							<label>$INFO[LIstItem.Label]</label>
							<scroll>true</scroll>
						</control>
					</focusedlayout>
				</control>
			</control>
		</control>
		<control type="group" id="6000">
			<description>Pod mini player</description>
			<visible>Player.HasAudio</visible>
			<animation effect="slide" end="-805,0" delay="300"  condition="!Player.HasMedia" reversible="false">Conditional</animation>
			<left>5</left>
			<top>605</top>
			<width>800</width>
			<height>110</height>
			<control type="image">
				<width>800</width>
				<height>110</height>
				<texture border="10">rc-button-focus.png</texture>
			</control>
			<control type="image" id="6001">
				<left>5</left>
				<top>5</top>
				<width>100</width>
				<height>100</height>
				<texture></texture>
			</control>
			<control type="progress">
				<left>110</left>
				<top>10</top>
				<width>680</width>
				<height>10</height>
				<visible>true</visible>
				<reveal>true</reveal>
				<texturebg colordiffuse="FFacadb0">progress-mid.png</texturebg>
				<lefttexture></lefttexture>
				<midtexture colordiffuse="FF3db7e4">progress-mid.png</midtexture>
				<righttexture></righttexture>
				<overlaytexture></overlaytexture>
				<info>Player.Progress</info>
			</control>
			<control type="slider" id="6006">
				<left>110</left>
				<top>10</top>
				<width>680</width>
				<height>10</height>
				<visible>true</visible>
				<textureslidernib >Player-Controls/button-seek.png</textureslidernib>
				<textureslidernibfocus colordiffuse="FF85764D">Player-Controls/button-seek.png</textureslidernibfocus>
				<info>Player.Progress</info>
				<action>seek</action>
				<controloffsetx></controloffsetx>
				<controloffsety></controloffsety>
				<pulseonselect></pulseonselect>
				<orientation>horizontal</orientation>
				<onup>5000</onup>
				<ondown>6004</ondown>
				<onleft></onleft>
				<onright></onright>
			</control>
			<control type="grouplist" id="6002">
				<description>control button list</description>
				<defaultcontrol>6004</defaultcontrol>
				<left>110</left>
				<top>25</top>
				<width>680</width>
				<height>50</height>
				<itemgap>5</itemgap>
				<scrolltime tween="sine" easing="out">200</scrolltime>
				<orientation>horizontal</orientation>
				<visible>true</visible>
				<onup>6006</onup>
				<ondown>3</ondown>
				<onleft>1</onleft>
				<onright>2000</onright>
				<align>left</align>
				<control type="button" id="6003">
					<width>50</width>
					<height>50</height>
					<texturefocus colordiffuse="FF85764D">Player-Controls/button-stop.png</texturefocus>
					<texturenofocus colordiffuse="FF000033">Player-Controls/button-stop.png</texturenofocus>
					<onclick>PlayerControl(Stop)</onclick>
				</control>
				<control type="togglebutton" id="6004">
					<width>50</width>
					<height>50</height>
					<texturefocus colordiffuse="FF85764D">Player-Controls/button-play.png</texturefocus>
					<texturenofocus colordiffuse="FF000033">Player-Controls/button-play.png</texturenofocus>
					<alttexturefocus colordiffuse="FF85764D">Player-Controls/button-pause.png</alttexturefocus>
					<alttexturenofocus colordiffuse="FF000033">Player-Controls/button-pause.png</alttexturenofocus>
					<usealttexture>!Player.Paused</usealttexture>
					<onclick>PlayerControl(Play)</onclick>
				</control>
				<control type="label">
					<width>200</width>
					<height>50</height>
					<textcolor>FF000033</textcolor>
					<font>font13</font>
					<label>$INFO[Player.Time]/$INFO[Player.Duration]</label>
					<aligny>center</aligny>
				</control>
				<control type="label" id="6005">
					<width min="29" max="400">auto</width>
					<scroll>true</scroll>
					<height>50</height>
					<textcolor>FF000033</textcolor>
					<font>font13</font>
					<label></label>
					<aligny>center</aligny>
				</control>
			</control>
			<control type="label"  id="6007">
				<left>110</left>
				<top>80</top>
				<height>25</height>
				<width>680</width>
				<scroll>true</scroll>
				<height>50</height>
				<textcolor>FF000033</textcolor>
				<font>font13</font>
				<label></label>
				<aligny>center</aligny>
			</control>
		</control>
		<control type="group" id="7000">
			<description>dialog box</description>
			<left>440</left>
			<top>260</top>
			<width>400</width>
			<height>200</height>
			<control type="image">
				<width>400</width>
				<height>200</height>
				<texture border="10">rc-button-focus.png</texture>
			</control>
			<control type="textbox" id="7001">
				<left>5</left>
				<top>5</top>
				<width>380</width>
				<height>145</height>
				<font>font13</font>
				<textcolor>FF000033</textcolor>
				<aligny>center</aligny>
				<align>center</align>
				<label></label>
			</control>
			<control type="grouplist">
				<description>control button list</description>
				<defaultcontrol>7002</defaultcontrol>
				<left>5</left>
				<top>150</top>
				<width>380</width>
				<height>50</height>
				<itemgap>5</itemgap>
				<scrolltime tween="sine" easing="out">200</scrolltime>
				<orientation>horizontal</orientation>
				<visible>true</visible>
				<onup>6006</onup>
				<ondown>3</ondown>
				<onleft>1</onleft>
				<onright>2000</onright>
				<align>center</align>
				<control type="button" id="7002">
					<width>100</width>
					<height>40</height>
					<texturefocus colordiffuse="FF85764D">rc-button-focus.png</texturefocus>
					<texturenofocus colordiffuse="FF0f204b">rc-button-nofocus.png</texturenofocus>
					<font>font13</font>
					<textcolor>white</textcolor>
					<focusedcolor>FF000033</focusedcolor>
					<align>center</align>
					<aligny>center</aligny>
				</control>
				<control type="button" id="7003">
					<width>100</width>
					<height>40</height>
					<texturefocus colordiffuse="FF85764D">rc-button-focus.png</texturefocus>
					<texturenofocus colordiffuse="FF0f204b">rc-button-nofocus.png</texturenofocus>
					<font>font13</font>
					<textcolor>white</textcolor>
					<focusedcolor>FF000033</focusedcolor>
					<align>center</align>
					<aligny>center</aligny>
				</control>
				<control type="button" id="7004">
					<width>100</width>
					<height>40</height>
					<texturefocus colordiffuse="FF85764D">rc-button-focus.png</texturefocus>
					<texturenofocus colordiffuse="FF0f204b">rc-button-nofocus.png</texturenofocus>
					<font>font13</font>
					<textcolor>white</textcolor>
					<focusedcolor>FF000033</focusedcolor>
					<align>center</align>
					<aligny>center</aligny>
				</control>
			</control>	
		</control>
	</controls>
</window>

	<!--color name="spursblue">FF0f204b</color>
	<color name="spurssilver">FFacadb0</color>
	<color name="spurshlblue">FF3db7e4</color>
	<color name="spursdarkblue">FF000033</color>
	<color name="pyellow">FFffff66</color>
	<color name="thfcgold">FF85764D</color-->