<?xml version="1.0" encoding="utf-8"?>
<window>
	<defaultcontrol always="false">0</defaultcontrol>
	<menucontrol>0</menucontrol>
	<backgroundcolor>0</backgroundcolor>
	<animation effect="fade" time="200">WindowOpen</animation>
	<animation effect="fade" time="200">WindowClose</animation>
	<coordinates>
		<left>0</left>
		<top>0</top>
	</coordinates>
	<controls>
		<control type="image">
			<width>100%</width>
			<height>100%</height>
			<texture>background.png</texture>
		</control>
		<control type="group">
			<animation effect="fade" end="80" condition="!Control.HasFocus(2000)"  reversible="false">Conditional</animation>
			<left>5</left>
			<top>5</top>
			<control type="wraplist" id="2000">
				<width>500</width>
				<height>720</height>
				<onright>3000</onright>
				<onup></onup>
				<ondown></ondown>
				<scrolltime tween="quadratic" easing="out">300</scrolltime>
				<focusposition>1</focusposition>
				<orientation>vertical</orientation>
				<itemlayout height="160" width="160">
					<control type="image">
						<left>5</left>
						<top>5</top>
						<width>150</width>
						<height>150</height>
						<texture>$INFO[ListItem.icon]</texture>
						<aspectratio>keep</aspectratio>
					</control>
				</itemlayout>
				<focusedlayout  height="160" width="160">
					<control type="image">
						<animation effect="slide" end="200,0" time="200" condition="true" reversible="false">Conditional</animation>
						<animation effect="fade" start="0" end="100" time="400" delay="200" condition="true" reversible="false">Conditional</animation>
						<animation effect="zoom" end="110" center="auto" condition="true" delay="200" time="200" reversible="false">Conditional</animation>
						<left></left>
						<top></top>
						<width>160</width>
						<height>210</height>
						<texture colordiffuse="FF85764D">rc-button-focus.png</texture>
					</control>
					<control type="image">
						<animation effect="slide" end="200,0" time="200" condition="true" reversible="false">Conditional</animation>
						<animation effect="zoom" end="110" center="auto" condition="true" delay="200" time="200" reversible="false">Conditional</animation>
						<left>5</left>
						<top>5</top>
						<width>150</width>
						<height>150</height>
						<texture>$INFO[ListItem.icon]</texture>
						<aspectratio>keep</aspectratio>
					</control>
					<control type="label">
						<animation effect="slide" end="200,0" time="200" condition="true" reversible="false">Conditional</animation>
						<animation effect="fade" start="0" end="100" time="400" delay="200" condition="true" reversible="false">Conditional</animation>
						<animation effect="zoom" end="110" center="auto" condition="true" delay="200" time="200" reversible="false">Conditional</animation>
						<left>5</left>
						<top>155</top>
						<width>140</width>
						<height>40</height>
						<textcolor>FF0f204b</textcolor>
						<wrapmultiline>true</wrapmultiline>
						<label>$INFO[LIstItem.Label]</label>
						<font>font10</font>
						<scroll>true</scroll>
						<align>center</align>
						<aligny>center</aligny>
					</control>
				</focusedlayout>
			</control>
			<control type="group">
				<left>193</left>
				<top>400</top>
				<control type="image">
					<width>300</width>
					<height>300</height>
					<texture>rc-button-focus.png</texture>
				</control>
				<control type="textbox">
					<left>5</left>
					<top>5</top>
					<width>290</width>
					<height>290</height>
					<font>font10</font>
					<textcolor>FF000033</textcolor>
					<label>$INFO[Container(2000).ListItem.Plot]</label>
				</control>
			</control>
		</control>
		<control type="group">
			<animation effect="fade" end="80"  condition="!Control.HasFocus(3000)" reversible="false">Conditional</animation>
			<left>800</left>
			<top>10</top>
			<control type="list" id="3000">
				<width>450</width>
				<height>720</height>
				<onright></onright>
				<onup></onup>
				<ondown></ondown>
				<onleft condition="!Control.IsVisible(6000)">2000</onleft>
				<onleft condition="Control.IsVisible(6000)">6002</onleft>
				<scrolltime tween="quadratic" easing="out">300</scrolltime>
				<orientation>vertical</orientation>
				<itemlayout height="170" width="450">
					<control type="image">
						<width>450</width>
						<height>160</height>
						<texture border="10">rc-button-nofocus.png</texture>
					</control>
					<control type="image">
						<left>5</left>
						<top>5</top>
						<width>150</width>
						<height>150</height>
						<texture>$INFO[ListItem.icon]</texture>
						<aspectratio>keep</aspectratio>
					</control>
					<control type="label">
						<left>160</left>
						<top>5</top>
						<width>290</width>
						<height>20</height>
						<label>$INFO[ListItem.Label]</label>
						<textcolor>FF000033</textcolor>
						<font>font10</font>
						<scroll>true</scroll>
					</control>
					<control type="label">
						<left>160</left>
						<top>30</top>
						<width>290</width>
						<height>20</height>
						<label>$INFO[ListItem.Property(Date)]</label>
						<textcolor>FF000033</textcolor>
						<font>font10</font>
						<scroll>true</scroll>
					</control>
					<control type="textbox">
						<left>160</left>
						<top>55</top>
						<width>290</width>
						<height>90</height>
						<label>$INFO[ListItem.Plot]</label>
						<textcolor>FF000033</textcolor>
						<font>font10</font>
						<scroll>true</scroll>
					</control>
				</itemlayout>
				<focusedlayout height="170" width="450">
					<control type="image">
						<width>450</width>
						<height>160</height>
						<texture colordiffuse="FF85764D" border="10">rc-button-nofocus.png</texture>
					</control>
					<control type="image">
						<left>5</left>
						<top>5</top>
						<width>150</width>
						<height>150</height>
						<texture>$INFO[ListItem.icon]</texture>
						<aspectratio>keep</aspectratio>
					</control>
					<control type="label">
						<left>160</left>
						<top>5</top>
						<width>290</width>
						<height>20</height>
						<label>$INFO[ListItem.Label]</label>
						<textcolor>FF000033</textcolor>
						<font>font10</font>
						<scroll>true</scroll>
					</control>
					<control type="label">
						<left>160</left>
						<top>30</top>
						<width>290</width>
						<height>20</height>
						<label>$INFO[ListItem.Property(Date)]</label>
						<textcolor>FF000033</textcolor>
						<font>font10</font>
						<scroll>true</scroll>
					</control>
					<control type="textbox">
						<left>160</left>
						<top>55</top>
						<width>290</width>
						<height>90</height>
						<label>$INFO[ListItem.Plot]</label>
						<textcolor>FF000033</textcolor>
						<font>font10</font>
						<autoscroll delay="3000" time="1000" repeat="10000">Control.HasFocus(3000)</autoscroll>
					</control>
				</focusedlayout>
			</control>
		</control>
		<control type="group" id="6000">
			<description>Pod mini player</description>
			<visible>Player.HasAudio</visible>
			<animation effect="slide" end="-805,0" delay="300"  condition="!Player.HasMedia" reversible="false">Conditional</animation>
			<left>165</left>
			<top>10</top>
			<width>630</width>
			<height>90</height>
			<control type="image">
				<width>630</width>
				<height>90</height>
				<texture border="10">rc-button-focus.png</texture>
			</control>
			<control type="progress">
				<left>5</left>
				<top>10</top>
				<width>620</width>
				<height>10</height>
				<visible>true</visible>
				<reveal>true</reveal>
				<texturebg colordiffuse="FFacadb0">progress-mid.png</texturebg>
				<lefttexture></lefttexture>
				<midtexture colordiffuse="FF3db7e4">progress-mid.png</midtexture>
				<righttexture></righttexture>
				<overlaytexture></overlaytexture>
				<info>Player.Progress</info>
			</control>
			<control type="slider" id="6006">
				<left>5</left>
				<top>10</top>
				<width>620</width>
				<height>10</height>
				<visible>true</visible>
				<textureslidernib >Player-Controls/button-seek.png</textureslidernib>
				<textureslidernibfocus colordiffuse="FF85764D">Player-Controls/button-seek.png</textureslidernibfocus>
				<info>Player.Progress</info>
				<action>seek</action>
				<controloffsetx></controloffsetx>
				<controloffsety></controloffsety>
				<pulseonselect></pulseonselect>
				<orientation>horizontal</orientation>
				<onup></onup>
				<ondown>6002</ondown>
			</control>
			<control type="grouplist" id="6002">
				<description>control button list</description>
				<defaultcontrol>6004</defaultcontrol>
				<left>5</left>
				<top>25</top>
				<width>620</width>
				<height>50</height>
				<itemgap>5</itemgap>
				<scrolltime tween="sine" easing="out">200</scrolltime>
				<orientation>horizontal</orientation>
				<visible>true</visible>
				<onup>6006</onup>
				<ondown></ondown>
				<onleft>2000</onleft>
				<onright>3000</onright>
				<align>left</align>
				<control type="button" id="6003">
					<width>50</width>
					<height>50</height>
					<texturefocus colordiffuse="FF85764D">Player-Controls/button-stop.png</texturefocus>
					<texturenofocus colordiffuse="FF000033">Player-Controls/button-stop.png</texturenofocus>
					<onclick>PlayerControl(Stop)</onclick>
				</control>
				<control type="togglebutton" id="6004">
					<width>50</width>
					<height>50</height>
					<texturefocus colordiffuse="FF85764D">Player-Controls/button-play.png</texturefocus>
					<texturenofocus colordiffuse="FF000033">Player-Controls/button-play.png</texturenofocus>
					<alttexturefocus colordiffuse="FF85764D">Player-Controls/button-pause.png</alttexturefocus>
					<alttexturenofocus colordiffuse="FF000033">Player-Controls/button-pause.png</alttexturenofocus>
					<usealttexture>!Player.Paused</usealttexture>
					<onclick>PlayerControl(Play)</onclick>
				</control>
				<control type="label">
					<width>200</width>
					<height>50</height>
					<textcolor>FF000033</textcolor>
					<font>font13</font>
					<label>$INFO[Player.Time]/$INFO[Player.Duration]</label>
					<aligny>center</aligny>
				</control>
			</control>
		</control>
	</controls>
</window>
	<!--color name="spursblue">FF0f204b</color>
	<color name="spurssilver">FFacadb0</color>
	<color name="spurshlblue">FF3db7e4</color>
	<color name="spursdarkblue">FF000033</color>
	<color name="pyellow">FFffff66</color>
	<color name="thfcgold">FF85764D</color-->