<?xml version="1.0" encoding="utf-8"?>
<window>
	<defaultcontrol always="false">1001</defaultcontrol>
	<menucontrol>0</menucontrol>
	<backgroundcolor>0</backgroundcolor>
	<animation effect="fade" time="200">WindowOpen</animation>
	<animation effect="fade" time="200">WindowClose</animation>
	<coordinates>
		<left>0</left>
		<top>0</top>
	</coordinates>
	<controls>
		<control type="image" id="1000">
			<left>0</left>
			<top>0</top>
			<width>100%</width>
			<height>100%</height>
			<texture border="5">rc-white-100.png</texture>
			<bordertexture colordiffuse="black" border="5">rc-white-100.png</bordertexture>
			<bordersize>5</bordersize>
		</control>
		<control type="button" id="1001">
			<left>1215</left>
			<top>15</top>
			<width>50</width>
			<height>50</height>
			<onclick>Close</onclick>
			<ondown>1007</ondown>
			<texturefocus colordiffuse="black">close.png</texturefocus>
			<texturenofocus colordiffuse="gray">close.png</texturenofocus>
		</control>
		<control type="textbox" id="1006">
			<left>10</left>
			<top>75</top>
			<width>1200</width>
			<height>635</height>
			<align>left</align>
			<font>font13</font>
			<textcolor>FF000000</textcolor>
			<pagecontrol>1007</pagecontrol>
		</control>
		<control type="scrollbar" id="1007">
			<left>1220</left>
			<top>75</top>
			<width>20</width>
			<height>635</height>
			<onup>1001</onup>
			<texturesliderbar colordiffuse="gray" border="5">rc-white-100.png</texturesliderbar>
			<texturesliderbarfocus colordiffuse="black" border="5">rc-white-100.png</texturesliderbarfocus>
			<orientation>vertical</orientation>
		</control>
	</controls>
</window>
